{
  "owner_id": "xuanlam123",
  "threshold": 0.47897406946867704,
  "bonafide_mean": 0.7729834914207458,
  "bonafide_std": 0.05964701039886475,
  "spoof_mean": 0.23729288578033447,
  "spoof_std": 0.24443943960762024,
  "feat_bona_mean": [
    0.029946453869342804,
    0.0820770338177681,
    0.04326414316892624,
    0.024315649643540382,
    0.0889800488948822,
    0.8769605159759521
  ],
  "feat_bona_std": [
    0.011166197247803211,
    0.014535956084728241,
    0.02377268113195896,
    0.009247641079127789,
    0.02618866041302681,
    0.2542608380317688
  ],
  "feat_spoof_mean": [
    0.027202414348721504,
    0.10687319189310074,
    0.037327881902456284,
    0.02582496404647827,
    0.07774260640144348,
    0.901181161403656
  ],
  "feat_spoof_std": [
    0.0342559777200222,
    0.05899215117096901,
    0.04167518764734268,
    0.009620368480682373,
    0.027633169665932655,
    0.25060170888900757
  ],
  "training_stats": {
    "num_bonafide": 11,
    "num_spoof_simulated": 33,
    "num_spoof_real": 2,
    "epochs": 36,
    "final_loss": 0.512407,
    "trained_at": "2026-03-10T22:45:30"
  }
}