{
  "owner_id": "home_owner_test",
  "threshold": 0.62,
  "bonafide_mean": 0.3922555148601532,
  "bonafide_std": 0.022068729383707048,
  "feat_bona_mean": [
    0.002074833959341049,
    0.0020534908398985863,
    0.011884838342666626,
    0.011070464737713337,
    0.1695469617843628,
    1.035561203956604
  ],
  "feat_bona_std": [
    4.596854341798462e-05,
    8.01067471911665e-06,
    7.98166001914069e-05,
    3.422050576773472e-05,
    0.00501509103924036,
    0.00036071654176339507
  ],
  "feat_spoof_mean": [
    0.0040225316770374775,
    0.007865714840590954,
    0.006735250819474459,
    0.012970220297574997,
    0.0334593802690506,
    1.0872429609298706
  ],
  "feat_spoof_std": [
    0.004481217358261347,
    0.003638177877292037,
    0.003960632253438234,
    0.003744428977370262,
    0.026251258328557014,
    0.08613503724336624
  ]
}